Hour,Discharge (mWh)
9,5.527777777777778
10,342.61111111111114
13,3440.2916666666665
14,14896.388888888889
18,1465.8425925925924
19,3921.3298611111113
20,678.7361111111112
21,114.45
22,436.7314814814815
23,63.916666666666664
