Hour,Discharge (mWh)
10,342.61111111111114
18,6577.333333333334
19,147.8009259259259
20,678.7361111111112
21,114.45
22,436.7314814814815
