Hour,Discharge (mWh)
12,159.0277777777778
15,5728.666666666667
16,2782.125
17,729.5
19,7745.416666666667
20,118.8611111111111
21,5930.826388888889
22,213.0925925925926
23,782.6666666666667
